<?xml version="1.0" encoding="UTF-8" ?>
<annotation id="chase06" activity="chase" source="MTurk">
    <object id="0" role="Subject">
        <attribute type="Mental">agitated, angry, angry, angry, angry, angry, concerned, desperate, determined, determined, excited, excited, frantic, hopeless, justified, mad, protective, rushed, upset, vigilant</attribute>
        <attribute type="Detection">carrying, jogging, lifting, person, person, person, pulling, raising, running, running, running</attribute>
    </object>
    <object id="1" role="Object">
        <attribute type="Mental">agitated, angry, concerned, desperate, excited, excited, fearful, fearful, fearful, flustered, guilty, heart-pounding, hurried, scared, unsure, upset</attribute>
        <attribute type="Detection">carrying, carrying, carrying, lifting, lifting, lifting, person, person, person, pick-up, running, running, running</attribute>
    </object>
    <object id="2" role="Settings">
        <attribute type="Mental" />
        <attribute type="Detection">alley, alley, alley, industrial, outdoor, outdoor, parking-lot, street, street, street</attribute>
    </object>
    <object id="3" role="Others">
        <attribute type="Mental" />
        <attribute type="Detection">bag, bag, bag, car, car, car, truck</attribute>
    </object>
</annotation>