<?xml version="1.0" encoding="UTF-8" ?>
<annotation id="chase16" activity="chase" source="MTurk">
    <object id="0" role="Subject">
        <attribute type="Mental">angry, angry, angry, concerned, confused, dazed, determined, dutiful, enthusiastic, excited, excited, frustrated, hopeful, irritated, joyful, protective, shocked, unenthusiastic, vigilant</attribute>
        <attribute type="Detection">carrying, carrying, chaser-multi, chaser-multi, chaser-multi, jogging, lifting, lifting, person, person, person, pick-up, policeman, policeman, policeman, pulling, pulling, raising, raising, running, running, running, walking, walking, waving</attribute>
    </object>
    <object id="1" role="Object">
        <attribute type="Mental">agitated, agitated, angry, angry, crazed, desperate, determined, disruptive, eager, excited, fearful, fearful, fearful, heart-pounding, hopeless, hopeless, intense, mad, painful, panicked, scared, turbulent, uncontrollable, violent</attribute>
        <attribute type="Detection">jogging, person, person, person, pushing, pushing, pushing, raising, raising, running, running, running, walking, walking</attribute>
    </object>
    <object id="2" role="Settings">
        <attribute type="Mental" />
        <attribute type="Detection">indoor, indoor, indoor</attribute>
    </object>
    <object id="3" role="Others">
        <attribute type="Mental" />
        <attribute type="Detection">chair, chair, gun, table, table</attribute>
    </object>
</annotation>